pcap_file,mode,ip_version,encryption,dh_group,pfs,traffic_type
tunnel_0_AES-256-GCM_14_Video_IPv4_Tunnel.pcap,Tunnel,IPv4,AES-256-GCM,14,True,Video
tunnel_1_AES-128-CBC_19_Email_IPv4_Tunnel.pcap,Tunnel,IPv4,AES-128-CBC,19,True,Email
tunnel_2_AES-256-CBC_19_Web_IPv6_Transport.pcap,Transport,IPv6,AES-256-CBC,19,True,Web
tunnel_3_3DES_14_Email_IPv6_Transport.pcap,Transport,IPv6,3DES,14,True,Email
tunnel_4_AES-256-CBC_19_Video_IPv4_Transport.pcap,Transport,IPv4,AES-256-CBC,19,True,Video
tunnel_5_3DES_14_Web_IPv4_Tunnel.pcap,Tunnel,IPv4,3DES,14,True,Web
tunnel_6_3DES_20_Web_IPv6_Tunnel.pcap,Tunnel,IPv6,3DES,20,False,Web
tunnel_7_AES-256-CBC_14_Web_IPv4_Transport.pcap,Transport,IPv4,AES-256-CBC,14,True,Web
tunnel_8_AES-256-CBC_20_Web_IPv6_Transport.pcap,Transport,IPv6,AES-256-CBC,20,False,Web
tunnel_9_AES-256-CBC_20_Video_IPv6_Tunnel.pcap,Tunnel,IPv6,AES-256-CBC,20,True,Video
tunnel_10_AES-256-GCM_19_VoIP_IPv4_Tunnel.pcap,Tunnel,IPv4,AES-256-GCM,19,True,VoIP
tunnel_11_AES-256-CBC_14_Video_IPv4_Transport.pcap,Transport,IPv4,AES-256-CBC,14,True,Video
tunnel_12_AES-128-CBC_14_VoIP_IPv6_Tunnel.pcap,Tunnel,IPv6,AES-128-CBC,14,False,VoIP
tunnel_13_AES-128-CBC_19_Email_IPv6_Tunnel.pcap,Tunnel,IPv6,AES-128-CBC,19,True,Email
tunnel_14_AES-128-CBC_19_ICMP_IPv4_Tunnel.pcap,Tunnel,IPv4,AES-128-CBC,19,True,ICMP
tunnel_15_3DES_19_WhatsApp_IPv6_Transport.pcap,Transport,IPv6,3DES,19,True,WhatsApp
tunnel_16_3DES_19_ICMP_IPv6_Tunnel.pcap,Tunnel,IPv6,3DES,19,True,ICMP
tunnel_17_3DES_20_VoIP_IPv6_Transport.pcap,Transport,IPv6,3DES,20,True,VoIP
tunnel_18_AES-256-CBC_14_Web_IPv4_Transport.pcap,Transport,IPv4,AES-256-CBC,14,False,Web
tunnel_19_AES-256-CBC_20_VoIP_IPv6_Tunnel.pcap,Tunnel,IPv6,AES-256-CBC,20,True,VoIP
tunnel_20_AES-256-GCM_20_Video_IPv4_Transport.pcap,Transport,IPv4,AES-256-GCM,20,True,Video
tunnel_21_3DES_19_WhatsApp_IPv6_Transport.pcap,Transport,IPv6,3DES,19,False,WhatsApp
tunnel_22_3DES_14_Video_IPv4_Tunnel.pcap,Tunnel,IPv4,3DES,14,True,Video
tunnel_23_AES-128-CBC_20_Web_IPv4_Tunnel.pcap,Tunnel,IPv4,AES-128-CBC,20,False,Web
tunnel_24_AES-256-CBC_19_Web_IPv6_Tunnel.pcap,Tunnel,IPv6,AES-256-CBC,19,True,Web
tunnel_25_AES-128-CBC_20_Email_IPv4_Tunnel.pcap,Tunnel,IPv4,AES-128-CBC,20,True,Email
tunnel_26_3DES_20_WhatsApp_IPv6_Transport.pcap,Transport,IPv6,3DES,20,False,WhatsApp
tunnel_27_3DES_20_Video_IPv4_Tunnel.pcap,Tunnel,IPv4,3DES,20,True,Video
tunnel_28_AES-128-CBC_20_ICMP_IPv4_Transport.pcap,Transport,IPv4,AES-128-CBC,20,True,ICMP
tunnel_29_AES-128-CBC_14_WhatsApp_IPv6_Tunnel.pcap,Tunnel,IPv6,AES-128-CBC,14,True,WhatsApp
tunnel_30_AES-128-CBC_14_VoIP_IPv4_Tunnel.pcap,Tunnel,IPv4,AES-128-CBC,14,True,VoIP
tunnel_31_3DES_20_Email_IPv6_Tunnel.pcap,Tunnel,IPv6,3DES,20,True,Email
tunnel_32_AES-256-GCM_19_WhatsApp_IPv6_Tunnel.pcap,Tunnel,IPv6,AES-256-GCM,19,False,WhatsApp
tunnel_33_AES-256-GCM_14_Web_IPv6_Transport.pcap,Transport,IPv6,AES-256-GCM,14,True,Web
tunnel_34_AES-128-CBC_19_Web_IPv6_Tunnel.pcap,Tunnel,IPv6,AES-128-CBC,19,True,Web
tunnel_35_AES-256-CBC_19_ICMP_IPv6_Tunnel.pcap,Tunnel,IPv6,AES-256-CBC,19,True,ICMP
tunnel_36_3DES_20_VoIP_IPv6_Tunnel.pcap,Tunnel,IPv6,3DES,20,True,VoIP
tunnel_37_AES-128-CBC_14_Web_IPv4_Transport.pcap,Transport,IPv4,AES-128-CBC,14,True,Web
tunnel_38_AES-256-GCM_20_Email_IPv6_Tunnel.pcap,Tunnel,IPv6,AES-256-GCM,20,True,Email
tunnel_39_AES-256-CBC_14_Web_IPv6_Tunnel.pcap,Tunnel,IPv6,AES-256-CBC,14,True,Web
tunnel_40_AES-128-CBC_14_WhatsApp_IPv6_Transport.pcap,Transport,IPv6,AES-128-CBC,14,True,WhatsApp
tunnel_41_AES-256-GCM_19_WhatsApp_IPv4_Tunnel.pcap,Tunnel,IPv4,AES-256-GCM,19,True,WhatsApp
tunnel_42_AES-256-CBC_19_Web_IPv4_Transport.pcap,Transport,IPv4,AES-256-CBC,19,True,Web
tunnel_43_3DES_14_ICMP_IPv6_Tunnel.pcap,Tunnel,IPv6,3DES,14,True,ICMP
tunnel_44_AES-128-CBC_20_Email_IPv4_Transport.pcap,Transport,IPv4,AES-128-CBC,20,True,Email
tunnel_45_3DES_20_WhatsApp_IPv6_Tunnel.pcap,Tunnel,IPv6,3DES,20,False,WhatsApp
tunnel_46_AES-256-GCM_19_Video_IPv4_Transport.pcap,Transport,IPv4,AES-256-GCM,19,False,Video
tunnel_47_AES-256-CBC_14_ICMP_IPv4_Tunnel.pcap,Tunnel,IPv4,AES-256-CBC,14,True,ICMP
tunnel_48_AES-256-GCM_20_WhatsApp_IPv4_Tunnel.pcap,Tunnel,IPv4,AES-256-GCM,20,False,WhatsApp
tunnel_49_AES-128-CBC_19_ICMP_IPv4_Transport.pcap,Transport,IPv4,AES-128-CBC,19,False,ICMP
tunnel_50_AES-256-GCM_20_Email_IPv6_Transport.pcap,Transport,IPv6,AES-256-GCM,20,True,Email
tunnel_51_AES-256-CBC_20_WhatsApp_IPv6_Transport.pcap,Transport,IPv6,AES-256-CBC,20,True,WhatsApp
tunnel_52_3DES_14_Web_IPv6_Transport.pcap,Transport,IPv6,3DES,14,False,Web
tunnel_53_3DES_20_Web_IPv4_Transport.pcap,Transport,IPv4,3DES,20,True,Web
tunnel_54_AES-256-GCM_20_Video_IPv4_Transport.pcap,Transport,IPv4,AES-256-GCM,20,True,Video
tunnel_55_AES-256-GCM_19_Video_IPv6_Transport.pcap,Transport,IPv6,AES-256-GCM,19,False,Video
tunnel_56_3DES_14_ICMP_IPv6_Transport.pcap,Transport,IPv6,3DES,14,False,ICMP
tunnel_57_AES-128-CBC_14_WhatsApp_IPv6_Transport.pcap,Transport,IPv6,AES-128-CBC,14,True,WhatsApp
tunnel_58_AES-128-CBC_19_Video_IPv6_Tunnel.pcap,Tunnel,IPv6,AES-128-CBC,19,True,Video
tunnel_59_AES-128-CBC_20_ICMP_IPv4_Tunnel.pcap,Tunnel,IPv4,AES-128-CBC,20,False,ICMP
tunnel_60_AES-256-GCM_20_Web_IPv6_Tunnel.pcap,Tunnel,IPv6,AES-256-GCM,20,True,Web
tunnel_61_AES-128-CBC_14_WhatsApp_IPv6_Transport.pcap,Transport,IPv6,AES-128-CBC,14,True,WhatsApp
tunnel_62_AES-128-CBC_19_VoIP_IPv6_Transport.pcap,Transport,IPv6,AES-128-CBC,19,True,VoIP
tunnel_63_AES-256-CBC_19_Video_IPv4_Transport.pcap,Transport,IPv4,AES-256-CBC,19,True,Video
tunnel_64_AES-256-CBC_20_Video_IPv4_Transport.pcap,Transport,IPv4,AES-256-CBC,20,False,Video
tunnel_65_AES-256-GCM_20_Web_IPv4_Transport.pcap,Transport,IPv4,AES-256-GCM,20,True,Web
tunnel_66_AES-128-CBC_19_VoIP_IPv6_Tunnel.pcap,Tunnel,IPv6,AES-128-CBC,19,True,VoIP
tunnel_67_AES-256-GCM_14_VoIP_IPv6_Transport.pcap,Transport,IPv6,AES-256-GCM,14,False,VoIP
tunnel_68_AES-256-GCM_14_Video_IPv6_Tunnel.pcap,Tunnel,IPv6,AES-256-GCM,14,True,Video
tunnel_69_AES-128-CBC_20_Web_IPv6_Tunnel.pcap,Tunnel,IPv6,AES-128-CBC,20,True,Web
tunnel_70_AES-128-CBC_14_ICMP_IPv6_Tunnel.pcap,Tunnel,IPv6,AES-128-CBC,14,True,ICMP
tunnel_71_AES-256-CBC_20_WhatsApp_IPv6_Tunnel.pcap,Tunnel,IPv6,AES-256-CBC,20,True,WhatsApp
tunnel_72_AES-256-CBC_20_Email_IPv4_Transport.pcap,Transport,IPv4,AES-256-CBC,20,False,Email
tunnel_73_AES-256-GCM_14_Web_IPv4_Tunnel.pcap,Tunnel,IPv4,AES-256-GCM,14,True,Web
tunnel_74_AES-128-CBC_20_Email_IPv6_Tunnel.pcap,Tunnel,IPv6,AES-128-CBC,20,True,Email
tunnel_75_AES-256-CBC_14_Email_IPv4_Transport.pcap,Transport,IPv4,AES-256-CBC,14,False,Email
tunnel_76_AES-256-GCM_14_Web_IPv4_Tunnel.pcap,Tunnel,IPv4,AES-256-GCM,14,True,Web
tunnel_77_AES-128-CBC_19_Email_IPv6_Transport.pcap,Transport,IPv6,AES-128-CBC,19,False,Email
tunnel_78_AES-256-GCM_14_ICMP_IPv6_Tunnel.pcap,Tunnel,IPv6,AES-256-GCM,14,True,ICMP
tunnel_79_AES-256-CBC_14_VoIP_IPv4_Transport.pcap,Transport,IPv4,AES-256-CBC,14,True,VoIP
tunnel_80_AES-256-CBC_20_Video_IPv6_Tunnel.pcap,Tunnel,IPv6,AES-256-CBC,20,False,Video
tunnel_81_AES-256-GCM_14_Video_IPv6_Transport.pcap,Transport,IPv6,AES-256-GCM,14,True,Video
tunnel_82_3DES_19_VoIP_IPv4_Transport.pcap,Transport,IPv4,3DES,19,True,VoIP
tunnel_83_AES-256-CBC_19_Web_IPv4_Transport.pcap,Transport,IPv4,AES-256-CBC,19,True,Web
tunnel_84_AES-256-CBC_14_Video_IPv6_Transport.pcap,Transport,IPv6,AES-256-CBC,14,False,Video
tunnel_85_AES-256-GCM_19_Video_IPv4_Transport.pcap,Transport,IPv4,AES-256-GCM,19,False,Video
tunnel_86_AES-256-GCM_14_ICMP_IPv4_Tunnel.pcap,Tunnel,IPv4,AES-256-GCM,14,False,ICMP
tunnel_87_AES-128-CBC_14_Email_IPv6_Tunnel.pcap,Tunnel,IPv6,AES-128-CBC,14,True,Email
tunnel_88_AES-256-CBC_20_ICMP_IPv4_Tunnel.pcap,Tunnel,IPv4,AES-256-CBC,20,True,ICMP
tunnel_89_AES-128-CBC_20_ICMP_IPv4_Transport.pcap,Transport,IPv4,AES-128-CBC,20,False,ICMP
tunnel_90_3DES_14_VoIP_IPv4_Transport.pcap,Transport,IPv4,3DES,14,False,VoIP
tunnel_91_AES-256-CBC_20_Web_IPv6_Tunnel.pcap,Tunnel,IPv6,AES-256-CBC,20,False,Web
tunnel_92_3DES_14_ICMP_IPv4_Tunnel.pcap,Tunnel,IPv4,3DES,14,True,ICMP
tunnel_93_3DES_19_Email_IPv6_Transport.pcap,Transport,IPv6,3DES,19,False,Email
tunnel_94_AES-256-GCM_19_WhatsApp_IPv4_Tunnel.pcap,Tunnel,IPv4,AES-256-GCM,19,True,WhatsApp
tunnel_95_AES-256-CBC_20_WhatsApp_IPv4_Transport.pcap,Transport,IPv4,AES-256-CBC,20,False,WhatsApp
tunnel_96_AES-128-CBC_20_Web_IPv6_Tunnel.pcap,Tunnel,IPv6,AES-128-CBC,20,True,Web
tunnel_97_AES-128-CBC_20_VoIP_IPv4_Tunnel.pcap,Tunnel,IPv4,AES-128-CBC,20,False,VoIP
tunnel_98_3DES_14_ICMP_IPv4_Tunnel.pcap,Tunnel,IPv4,3DES,14,False,ICMP
tunnel_99_AES-256-GCM_19_ICMP_IPv4_Transport.pcap,Transport,IPv4,AES-256-GCM,19,True,ICMP
tunnel_100_AES-256-CBC_19_WhatsApp_IPv6_Transport.pcap,Transport,IPv6,AES-256-CBC,19,True,WhatsApp
tunnel_101_AES-128-CBC_14_Video_IPv6_Transport.pcap,Transport,IPv6,AES-128-CBC,14,True,Video
tunnel_102_AES-128-CBC_20_ICMP_IPv6_Transport.pcap,Transport,IPv6,AES-128-CBC,20,False,ICMP
tunnel_103_AES-128-CBC_19_VoIP_IPv6_Transport.pcap,Transport,IPv6,AES-128-CBC,19,False,VoIP
tunnel_104_AES-256-GCM_14_ICMP_IPv6_Transport.pcap,Transport,IPv6,AES-256-GCM,14,False,ICMP
tunnel_105_AES-256-CBC_14_Web_IPv4_Transport.pcap,Transport,IPv4,AES-256-CBC,14,False,Web
tunnel_106_AES-256-CBC_19_ICMP_IPv6_Tunnel.pcap,Tunnel,IPv6,AES-256-CBC,19,True,ICMP
tunnel_107_AES-256-CBC_19_Web_IPv4_Tunnel.pcap,Tunnel,IPv4,AES-256-CBC,19,False,Web
tunnel_108_AES-256-GCM_19_VoIP_IPv4_Transport.pcap,Transport,IPv4,AES-256-GCM,19,False,VoIP
tunnel_109_AES-256-GCM_14_VoIP_IPv6_Tunnel.pcap,Tunnel,IPv6,AES-256-GCM,14,True,VoIP
tunnel_110_AES-256-CBC_20_Email_IPv4_Tunnel.pcap,Tunnel,IPv4,AES-256-CBC,20,False,Email
tunnel_111_AES-256-CBC_19_VoIP_IPv4_Transport.pcap,Transport,IPv4,AES-256-CBC,19,False,VoIP
tunnel_112_3DES_19_Web_IPv4_Transport.pcap,Transport,IPv4,3DES,19,True,Web
tunnel_113_AES-256-CBC_14_ICMP_IPv4_Tunnel.pcap,Tunnel,IPv4,AES-256-CBC,14,True,ICMP
tunnel_114_AES-256-CBC_19_ICMP_IPv6_Transport.pcap,Transport,IPv6,AES-256-CBC,19,True,ICMP
tunnel_115_AES-256-CBC_19_ICMP_IPv6_Tunnel.pcap,Tunnel,IPv6,AES-256-CBC,19,False,ICMP
tunnel_116_3DES_14_VoIP_IPv4_Transport.pcap,Transport,IPv4,3DES,14,False,VoIP
tunnel_117_AES-256-CBC_19_ICMP_IPv4_Transport.pcap,Transport,IPv4,AES-256-CBC,19,True,ICMP
tunnel_118_AES-256-CBC_14_ICMP_IPv4_Tunnel.pcap,Tunnel,IPv4,AES-256-CBC,14,False,ICMP
tunnel_119_AES-256-GCM_19_ICMP_IPv4_Tunnel.pcap,Tunnel,IPv4,AES-256-GCM,19,False,ICMP
tunnel_120_3DES_20_WhatsApp_IPv4_Tunnel.pcap,Tunnel,IPv4,3DES,20,True,WhatsApp
tunnel_121_AES-256-CBC_19_Web_IPv6_Transport.pcap,Transport,IPv6,AES-256-CBC,19,True,Web
tunnel_122_AES-256-CBC_14_WhatsApp_IPv6_Transport.pcap,Transport,IPv6,AES-256-CBC,14,False,WhatsApp
tunnel_123_3DES_20_WhatsApp_IPv6_Transport.pcap,Transport,IPv6,3DES,20,False,WhatsApp
tunnel_124_3DES_20_ICMP_IPv4_Transport.pcap,Transport,IPv4,3DES,20,False,ICMP
tunnel_125_AES-256-CBC_20_Email_IPv4_Tunnel.pcap,Tunnel,IPv4,AES-256-CBC,20,True,Email
tunnel_126_AES-128-CBC_20_WhatsApp_IPv6_Transport.pcap,Transport,IPv6,AES-128-CBC,20,False,WhatsApp
tunnel_127_AES-128-CBC_20_Email_IPv6_Transport.pcap,Transport,IPv6,AES-128-CBC,20,False,Email
tunnel_128_AES-256-GCM_19_Web_IPv4_Transport.pcap,Transport,IPv4,AES-256-GCM,19,True,Web
tunnel_129_3DES_14_ICMP_IPv4_Tunnel.pcap,Tunnel,IPv4,3DES,14,True,ICMP
tunnel_130_AES-256-GCM_14_Web_IPv4_Transport.pcap,Transport,IPv4,AES-256-GCM,14,False,Web
tunnel_131_AES-128-CBC_20_Email_IPv6_Tunnel.pcap,Tunnel,IPv6,AES-128-CBC,20,False,Email
tunnel_132_3DES_20_ICMP_IPv6_Tunnel.pcap,Tunnel,IPv6,3DES,20,True,ICMP
tunnel_133_3DES_20_Email_IPv6_Transport.pcap,Transport,IPv6,3DES,20,False,Email
tunnel_134_3DES_14_WhatsApp_IPv6_Transport.pcap,Transport,IPv6,3DES,14,False,WhatsApp
tunnel_135_3DES_14_Email_IPv4_Tunnel.pcap,Tunnel,IPv4,3DES,14,False,Email
tunnel_136_AES-128-CBC_14_ICMP_IPv6_Transport.pcap,Transport,IPv6,AES-128-CBC,14,False,ICMP
tunnel_137_AES-256-CBC_14_Email_IPv6_Tunnel.pcap,Tunnel,IPv6,AES-256-CBC,14,False,Email
tunnel_138_AES-128-CBC_19_Video_IPv4_Transport.pcap,Transport,IPv4,AES-128-CBC,19,False,Video
tunnel_139_AES-128-CBC_19_WhatsApp_IPv6_Transport.pcap,Transport,IPv6,AES-128-CBC,19,True,WhatsApp
tunnel_140_3DES_14_Email_IPv6_Transport.pcap,Transport,IPv6,3DES,14,True,Email
tunnel_141_AES-128-CBC_14_VoIP_IPv6_Transport.pcap,Transport,IPv6,AES-128-CBC,14,True,VoIP
tunnel_142_AES-256-GCM_14_Web_IPv4_Tunnel.pcap,Tunnel,IPv4,AES-256-GCM,14,True,Web
tunnel_143_3DES_14_VoIP_IPv6_Transport.pcap,Transport,IPv6,3DES,14,False,VoIP
tunnel_144_AES-128-CBC_19_Video_IPv6_Tunnel.pcap,Tunnel,IPv6,AES-128-CBC,19,True,Video
tunnel_145_3DES_20_VoIP_IPv6_Transport.pcap,Transport,IPv6,3DES,20,False,VoIP
tunnel_146_AES-256-GCM_20_VoIP_IPv6_Tunnel.pcap,Tunnel,IPv6,AES-256-GCM,20,False,VoIP
tunnel_147_3DES_20_Web_IPv4_Tunnel.pcap,Tunnel,IPv4,3DES,20,False,Web
tunnel_148_3DES_14_Video_IPv6_Transport.pcap,Transport,IPv6,3DES,14,False,Video
tunnel_149_3DES_14_Video_IPv4_Transport.pcap,Transport,IPv4,3DES,14,False,Video
tunnel_150_AES-256-GCM_14_ICMP_IPv4_Tunnel.pcap,Tunnel,IPv4,AES-256-GCM,14,True,ICMP
tunnel_151_AES-256-CBC_20_Video_IPv6_Transport.pcap,Transport,IPv6,AES-256-CBC,20,False,Video
tunnel_152_AES-128-CBC_19_VoIP_IPv4_Tunnel.pcap,Tunnel,IPv4,AES-128-CBC,19,True,VoIP
tunnel_153_AES-128-CBC_20_Web_IPv4_Tunnel.pcap,Tunnel,IPv4,AES-128-CBC,20,False,Web
tunnel_154_AES-256-CBC_14_Email_IPv4_Tunnel.pcap,Tunnel,IPv4,AES-256-CBC,14,False,Email
tunnel_155_AES-256-CBC_19_WhatsApp_IPv6_Tunnel.pcap,Tunnel,IPv6,AES-256-CBC,19,True,WhatsApp
tunnel_156_3DES_19_VoIP_IPv6_Transport.pcap,Transport,IPv6,3DES,19,True,VoIP
tunnel_157_AES-256-CBC_14_ICMP_IPv4_Tunnel.pcap,Tunnel,IPv4,AES-256-CBC,14,False,ICMP
tunnel_158_AES-128-CBC_19_Video_IPv4_Transport.pcap,Transport,IPv4,AES-128-CBC,19,True,Video
tunnel_159_AES-256-CBC_19_Web_IPv6_Tunnel.pcap,Tunnel,IPv6,AES-256-CBC,19,False,Web
tunnel_160_AES-256-CBC_20_ICMP_IPv6_Tunnel.pcap,Tunnel,IPv6,AES-256-CBC,20,True,ICMP
tunnel_161_3DES_20_ICMP_IPv6_Tunnel.pcap,Tunnel,IPv6,3DES,20,True,ICMP
tunnel_162_AES-256-GCM_20_VoIP_IPv4_Transport.pcap,Transport,IPv4,AES-256-GCM,20,False,VoIP
tunnel_163_AES-256-CBC_20_ICMP_IPv4_Transport.pcap,Transport,IPv4,AES-256-CBC,20,False,ICMP
tunnel_164_AES-256-GCM_19_WhatsApp_IPv6_Tunnel.pcap,Tunnel,IPv6,AES-256-GCM,19,False,WhatsApp
tunnel_165_AES-256-GCM_19_Email_IPv6_Transport.pcap,Transport,IPv6,AES-256-GCM,19,False,Email
tunnel_166_AES-256-CBC_19_Web_IPv6_Tunnel.pcap,Tunnel,IPv6,AES-256-CBC,19,True,Web
tunnel_167_AES-256-GCM_20_ICMP_IPv6_Tunnel.pcap,Tunnel,IPv6,AES-256-GCM,20,True,ICMP
tunnel_168_3DES_19_Video_IPv4_Transport.pcap,Transport,IPv4,3DES,19,True,Video
tunnel_169_AES-256-CBC_14_VoIP_IPv4_Transport.pcap,Transport,IPv4,AES-256-CBC,14,False,VoIP
tunnel_170_AES-128-CBC_14_ICMP_IPv6_Transport.pcap,Transport,IPv6,AES-128-CBC,14,False,ICMP
tunnel_171_AES-256-GCM_20_VoIP_IPv4_Tunnel.pcap,Tunnel,IPv4,AES-256-GCM,20,False,VoIP
tunnel_172_3DES_14_Video_IPv6_Transport.pcap,Transport,IPv6,3DES,14,True,Video
tunnel_173_AES-256-CBC_19_Web_IPv4_Tunnel.pcap,Tunnel,IPv4,AES-256-CBC,19,True,Web
tunnel_174_AES-256-CBC_20_WhatsApp_IPv4_Transport.pcap,Transport,IPv4,AES-256-CBC,20,False,WhatsApp
tunnel_175_AES-256-GCM_14_ICMP_IPv4_Transport.pcap,Transport,IPv4,AES-256-GCM,14,False,ICMP
tunnel_176_AES-256-CBC_19_Video_IPv6_Tunnel.pcap,Tunnel,IPv6,AES-256-CBC,19,False,Video
tunnel_177_AES-256-GCM_20_WhatsApp_IPv6_Transport.pcap,Transport,IPv6,AES-256-GCM,20,True,WhatsApp
tunnel_178_AES-256-CBC_14_VoIP_IPv6_Transport.pcap,Transport,IPv6,AES-256-CBC,14,True,VoIP
tunnel_179_AES-256-CBC_14_Email_IPv4_Tunnel.pcap,Tunnel,IPv4,AES-256-CBC,14,False,Email
tunnel_180_AES-256-GCM_20_VoIP_IPv4_Tunnel.pcap,Tunnel,IPv4,AES-256-GCM,20,True,VoIP
tunnel_181_AES-256-GCM_19_VoIP_IPv4_Tunnel.pcap,Tunnel,IPv4,AES-256-GCM,19,False,VoIP
tunnel_182_3DES_14_Web_IPv6_Tunnel.pcap,Tunnel,IPv6,3DES,14,True,Web
tunnel_183_AES-128-CBC_14_Video_IPv4_Transport.pcap,Transport,IPv4,AES-128-CBC,14,True,Video
tunnel_184_AES-256-CBC_20_VoIP_IPv6_Tunnel.pcap,Tunnel,IPv6,AES-256-CBC,20,False,VoIP
tunnel_185_AES-256-CBC_20_VoIP_IPv6_Tunnel.pcap,Tunnel,IPv6,AES-256-CBC,20,False,VoIP
tunnel_186_3DES_20_WhatsApp_IPv6_Transport.pcap,Transport,IPv6,3DES,20,True,WhatsApp
tunnel_187_AES-256-CBC_20_VoIP_IPv6_Transport.pcap,Transport,IPv6,AES-256-CBC,20,True,VoIP
tunnel_188_AES-128-CBC_14_Video_IPv6_Tunnel.pcap,Tunnel,IPv6,AES-128-CBC,14,False,Video
tunnel_189_AES-256-GCM_19_WhatsApp_IPv4_Tunnel.pcap,Tunnel,IPv4,AES-256-GCM,19,False,WhatsApp
tunnel_190_AES-256-GCM_20_WhatsApp_IPv4_Transport.pcap,Transport,IPv4,AES-256-GCM,20,True,WhatsApp
tunnel_191_3DES_19_Video_IPv6_Tunnel.pcap,Tunnel,IPv6,3DES,19,True,Video
tunnel_192_3DES_19_VoIP_IPv6_Transport.pcap,Transport,IPv6,3DES,19,True,VoIP
tunnel_193_3DES_14_WhatsApp_IPv6_Tunnel.pcap,Tunnel,IPv6,3DES,14,True,WhatsApp
tunnel_194_AES-256-GCM_14_ICMP_IPv6_Transport.pcap,Transport,IPv6,AES-256-GCM,14,True,ICMP
tunnel_195_AES-256-GCM_14_Web_IPv6_Tunnel.pcap,Tunnel,IPv6,AES-256-GCM,14,True,Web
tunnel_196_AES-256-CBC_19_ICMP_IPv4_Tunnel.pcap,Tunnel,IPv4,AES-256-CBC,19,True,ICMP
tunnel_197_AES-256-GCM_20_ICMP_IPv4_Tunnel.pcap,Tunnel,IPv4,AES-256-GCM,20,True,ICMP
tunnel_198_AES-128-CBC_14_WhatsApp_IPv4_Transport.pcap,Transport,IPv4,AES-128-CBC,14,True,WhatsApp
tunnel_199_AES-256-GCM_20_ICMP_IPv4_Transport.pcap,Transport,IPv4,AES-256-GCM,20,False,ICMP
tunnel_200_AES-128-CBC_14_VoIP_IPv4_Tunnel.pcap,Tunnel,IPv4,AES-128-CBC,14,False,VoIP
tunnel_201_3DES_19_WhatsApp_IPv4_Transport.pcap,Transport,IPv4,3DES,19,True,WhatsApp
tunnel_202_AES-256-GCM_14_Web_IPv4_Transport.pcap,Transport,IPv4,AES-256-GCM,14,False,Web
tunnel_203_3DES_20_WhatsApp_IPv4_Transport.pcap,Transport,IPv4,3DES,20,False,WhatsApp
tunnel_204_AES-256-GCM_14_Web_IPv4_Tunnel.pcap,Tunnel,IPv4,AES-256-GCM,14,True,Web
tunnel_205_AES-128-CBC_14_VoIP_IPv4_Transport.pcap,Transport,IPv4,AES-128-CBC,14,False,VoIP
tunnel_206_AES-256-GCM_19_ICMP_IPv4_Transport.pcap,Transport,IPv4,AES-256-GCM,19,False,ICMP
tunnel_207_AES-256-CBC_19_Email_IPv4_Transport.pcap,Transport,IPv4,AES-256-CBC,19,False,Email
tunnel_208_AES-128-CBC_20_Video_IPv6_Transport.pcap,Transport,IPv6,AES-128-CBC,20,False,Video
tunnel_209_3DES_14_Email_IPv4_Tunnel.pcap,Tunnel,IPv4,3DES,14,False,Email
tunnel_210_AES-256-GCM_14_VoIP_IPv4_Tunnel.pcap,Tunnel,IPv4,AES-256-GCM,14,False,VoIP
tunnel_211_3DES_14_Web_IPv6_Transport.pcap,Transport,IPv6,3DES,14,False,Web
tunnel_212_AES-128-CBC_19_VoIP_IPv4_Tunnel.pcap,Tunnel,IPv4,AES-128-CBC,19,False,VoIP
tunnel_213_AES-256-CBC_19_ICMP_IPv4_Tunnel.pcap,Tunnel,IPv4,AES-256-CBC,19,False,ICMP
tunnel_214_AES-256-GCM_20_Web_IPv4_Transport.pcap,Transport,IPv4,AES-256-GCM,20,False,Web
tunnel_215_AES-256-GCM_19_Web_IPv6_Transport.pcap,Transport,IPv6,AES-256-GCM,19,True,Web
tunnel_216_AES-256-GCM_14_Email_IPv6_Transport.pcap,Transport,IPv6,AES-256-GCM,14,True,Email
tunnel_217_3DES_20_WhatsApp_IPv4_Tunnel.pcap,Tunnel,IPv4,3DES,20,False,WhatsApp
tunnel_218_AES-256-CBC_14_WhatsApp_IPv4_Transport.pcap,Transport,IPv4,AES-256-CBC,14,False,WhatsApp
tunnel_219_AES-128-CBC_14_WhatsApp_IPv4_Transport.pcap,Transport,IPv4,AES-128-CBC,14,False,WhatsApp
tunnel_220_AES-256-CBC_19_Email_IPv4_Transport.pcap,Transport,IPv4,AES-256-CBC,19,False,Email
tunnel_221_AES-256-CBC_14_Web_IPv6_Transport.pcap,Transport,IPv6,AES-256-CBC,14,True,Web
tunnel_222_AES-256-GCM_20_ICMP_IPv6_Tunnel.pcap,Tunnel,IPv6,AES-256-GCM,20,True,ICMP
tunnel_223_AES-256-CBC_20_Video_IPv4_Tunnel.pcap,Tunnel,IPv4,AES-256-CBC,20,False,Video
tunnel_224_AES-256-GCM_14_Web_IPv4_Transport.pcap,Transport,IPv4,AES-256-GCM,14,False,Web
tunnel_225_3DES_14_Web_IPv6_Transport.pcap,Transport,IPv6,3DES,14,True,Web
tunnel_226_3DES_20_Web_IPv4_Tunnel.pcap,Tunnel,IPv4,3DES,20,True,Web
tunnel_227_AES-256-CBC_14_VoIP_IPv6_Tunnel.pcap,Tunnel,IPv6,AES-256-CBC,14,False,VoIP
tunnel_228_3DES_20_Web_IPv4_Transport.pcap,Transport,IPv4,3DES,20,True,Web
tunnel_229_AES-256-CBC_14_Video_IPv6_Tunnel.pcap,Tunnel,IPv6,AES-256-CBC,14,False,Video
tunnel_230_AES-128-CBC_14_Email_IPv4_Transport.pcap,Transport,IPv4,AES-128-CBC,14,True,Email
tunnel_231_AES-128-CBC_19_VoIP_IPv4_Transport.pcap,Transport,IPv4,AES-128-CBC,19,False,VoIP
tunnel_232_AES-256-CBC_19_WhatsApp_IPv6_Transport.pcap,Transport,IPv6,AES-256-CBC,19,False,WhatsApp
tunnel_233_AES-256-CBC_14_WhatsApp_IPv6_Transport.pcap,Transport,IPv6,AES-256-CBC,14,False,WhatsApp
tunnel_234_AES-256-GCM_19_Email_IPv6_Tunnel.pcap,Tunnel,IPv6,AES-256-GCM,19,True,Email
tunnel_235_AES-256-GCM_20_WhatsApp_IPv4_Tunnel.pcap,Tunnel,IPv4,AES-256-GCM,20,True,WhatsApp
tunnel_236_AES-128-CBC_19_WhatsApp_IPv6_Tunnel.pcap,Tunnel,IPv6,AES-128-CBC,19,True,WhatsApp
tunnel_237_AES-256-CBC_20_Email_IPv4_Tunnel.pcap,Tunnel,IPv4,AES-256-CBC,20,False,Email
tunnel_238_AES-256-GCM_19_WhatsApp_IPv6_Transport.pcap,Transport,IPv6,AES-256-GCM,19,True,WhatsApp
tunnel_239_AES-256-GCM_19_WhatsApp_IPv6_Transport.pcap,Transport,IPv6,AES-256-GCM,19,False,WhatsApp
tunnel_240_3DES_14_ICMP_IPv4_Tunnel.pcap,Tunnel,IPv4,3DES,14,False,ICMP
tunnel_241_AES-256-GCM_19_Web_IPv6_Transport.pcap,Transport,IPv6,AES-256-GCM,19,True,Web
tunnel_242_AES-256-GCM_19_Email_IPv4_Transport.pcap,Transport,IPv4,AES-256-GCM,19,True,Email
tunnel_243_AES-128-CBC_14_Email_IPv4_Transport.pcap,Transport,IPv4,AES-128-CBC,14,True,Email
tunnel_244_AES-256-GCM_20_VoIP_IPv6_Tunnel.pcap,Tunnel,IPv6,AES-256-GCM,20,False,VoIP
tunnel_245_AES-256-CBC_19_Email_IPv6_Tunnel.pcap,Tunnel,IPv6,AES-256-CBC,19,False,Email
tunnel_246_AES-256-GCM_14_Email_IPv4_Tunnel.pcap,Tunnel,IPv4,AES-256-GCM,14,True,Email
tunnel_247_AES-128-CBC_19_ICMP_IPv6_Tunnel.pcap,Tunnel,IPv6,AES-128-CBC,19,True,ICMP
tunnel_248_AES-256-GCM_19_VoIP_IPv4_Tunnel.pcap,Tunnel,IPv4,AES-256-GCM,19,False,VoIP
tunnel_249_3DES_14_ICMP_IPv6_Tunnel.pcap,Tunnel,IPv6,3DES,14,False,ICMP
tunnel_250_AES-128-CBC_19_Web_IPv6_Tunnel.pcap,Tunnel,IPv6,AES-128-CBC,19,True,Web
tunnel_251_3DES_19_Email_IPv6_Tunnel.pcap,Tunnel,IPv6,3DES,19,True,Email
tunnel_252_3DES_14_VoIP_IPv6_Transport.pcap,Transport,IPv6,3DES,14,False,VoIP
tunnel_253_AES-256-GCM_20_Web_IPv4_Transport.pcap,Transport,IPv4,AES-256-GCM,20,False,Web
tunnel_254_AES-128-CBC_14_WhatsApp_IPv4_Transport.pcap,Transport,IPv4,AES-128-CBC,14,True,WhatsApp
tunnel_255_AES-256-GCM_14_Video_IPv4_Tunnel.pcap,Tunnel,IPv4,AES-256-GCM,14,True,Video
tunnel_256_AES-256-GCM_20_ICMP_IPv4_Tunnel.pcap,Tunnel,IPv4,AES-256-GCM,20,True,ICMP
tunnel_257_3DES_19_WhatsApp_IPv6_Tunnel.pcap,Tunnel,IPv6,3DES,19,True,WhatsApp
tunnel_258_AES-256-GCM_20_Email_IPv6_Transport.pcap,Transport,IPv6,AES-256-GCM,20,False,Email
tunnel_259_AES-256-CBC_20_VoIP_IPv4_Transport.pcap,Transport,IPv4,AES-256-CBC,20,False,VoIP
tunnel_260_AES-256-GCM_20_VoIP_IPv6_Tunnel.pcap,Tunnel,IPv6,AES-256-GCM,20,False,VoIP
tunnel_261_AES-128-CBC_20_Video_IPv4_Tunnel.pcap,Tunnel,IPv4,AES-128-CBC,20,False,Video
tunnel_262_AES-128-CBC_20_VoIP_IPv4_Tunnel.pcap,Tunnel,IPv4,AES-128-CBC,20,True,VoIP
tunnel_263_3DES_20_Email_IPv6_Transport.pcap,Transport,IPv6,3DES,20,False,Email
tunnel_264_AES-256-CBC_19_VoIP_IPv4_Tunnel.pcap,Tunnel,IPv4,AES-256-CBC,19,False,VoIP
tunnel_265_AES-256-CBC_20_ICMP_IPv6_Tunnel.pcap,Tunnel,IPv6,AES-256-CBC,20,True,ICMP
tunnel_266_AES-256-CBC_14_Web_IPv4_Tunnel.pcap,Tunnel,IPv4,AES-256-CBC,14,False,Web
tunnel_267_AES-256-CBC_20_VoIP_IPv4_Transport.pcap,Transport,IPv4,AES-256-CBC,20,False,VoIP
tunnel_268_3DES_20_VoIP_IPv6_Tunnel.pcap,Tunnel,IPv6,3DES,20,True,VoIP
tunnel_269_AES-256-GCM_20_Web_IPv4_Transport.pcap,Transport,IPv4,AES-256-GCM,20,True,Web
tunnel_270_AES-256-CBC_14_VoIP_IPv4_Transport.pcap,Transport,IPv4,AES-256-CBC,14,True,VoIP
tunnel_271_3DES_19_Email_IPv6_Tunnel.pcap,Tunnel,IPv6,3DES,19,False,Email
tunnel_272_AES-256-GCM_14_Web_IPv4_Transport.pcap,Transport,IPv4,AES-256-GCM,14,True,Web
tunnel_273_AES-128-CBC_20_WhatsApp_IPv4_Tunnel.pcap,Tunnel,IPv4,AES-128-CBC,20,True,WhatsApp
tunnel_274_AES-128-CBC_14_Email_IPv6_Tunnel.pcap,Tunnel,IPv6,AES-128-CBC,14,True,Email
tunnel_275_AES-256-CBC_20_Email_IPv6_Transport.pcap,Transport,IPv6,AES-256-CBC,20,True,Email
tunnel_276_AES-256-GCM_14_Web_IPv4_Transport.pcap,Transport,IPv4,AES-256-GCM,14,True,Web
tunnel_277_3DES_19_ICMP_IPv4_Tunnel.pcap,Tunnel,IPv4,3DES,19,False,ICMP
tunnel_278_AES-256-GCM_20_Email_IPv6_Transport.pcap,Transport,IPv6,AES-256-GCM,20,True,Email
tunnel_279_AES-256-CBC_19_VoIP_IPv4_Tunnel.pcap,Tunnel,IPv4,AES-256-CBC,19,False,VoIP
tunnel_280_AES-128-CBC_14_VoIP_IPv6_Transport.pcap,Transport,IPv6,AES-128-CBC,14,True,VoIP
tunnel_281_3DES_19_Video_IPv4_Tunnel.pcap,Tunnel,IPv4,3DES,19,False,Video
tunnel_282_AES-256-GCM_14_WhatsApp_IPv6_Transport.pcap,Transport,IPv6,AES-256-GCM,14,False,WhatsApp
tunnel_283_AES-256-GCM_20_VoIP_IPv6_Tunnel.pcap,Tunnel,IPv6,AES-256-GCM,20,False,VoIP
tunnel_284_AES-128-CBC_14_ICMP_IPv6_Transport.pcap,Transport,IPv6,AES-128-CBC,14,False,ICMP
tunnel_285_3DES_14_VoIP_IPv6_Transport.pcap,Transport,IPv6,3DES,14,True,VoIP
tunnel_286_3DES_14_Video_IPv6_Transport.pcap,Transport,IPv6,3DES,14,False,Video
tunnel_287_AES-128-CBC_14_Web_IPv6_Tunnel.pcap,Tunnel,IPv6,AES-128-CBC,14,False,Web
tunnel_288_AES-256-GCM_14_ICMP_IPv4_Tunnel.pcap,Tunnel,IPv4,AES-256-GCM,14,False,ICMP
tunnel_289_AES-256-CBC_19_WhatsApp_IPv4_Transport.pcap,Transport,IPv4,AES-256-CBC,19,True,WhatsApp
tunnel_290_3DES_14_Video_IPv6_Tunnel.pcap,Tunnel,IPv6,3DES,14,False,Video
tunnel_291_AES-128-CBC_14_Email_IPv6_Tunnel.pcap,Tunnel,IPv6,AES-128-CBC,14,True,Email
tunnel_292_3DES_19_Video_IPv6_Transport.pcap,Transport,IPv6,3DES,19,False,Video
tunnel_293_AES-256-CBC_14_Email_IPv4_Transport.pcap,Transport,IPv4,AES-256-CBC,14,False,Email
tunnel_294_AES-256-CBC_19_ICMP_IPv4_Tunnel.pcap,Tunnel,IPv4,AES-256-CBC,19,True,ICMP
tunnel_295_AES-256-CBC_14_Video_IPv4_Transport.pcap,Transport,IPv4,AES-256-CBC,14,False,Video
tunnel_296_AES-128-CBC_14_VoIP_IPv4_Transport.pcap,Transport,IPv4,AES-128-CBC,14,False,VoIP
tunnel_297_AES-128-CBC_19_ICMP_IPv4_Transport.pcap,Transport,IPv4,AES-128-CBC,19,False,ICMP
tunnel_298_3DES_14_Email_IPv4_Tunnel.pcap,Tunnel,IPv4,3DES,14,False,Email
tunnel_299_AES-256-GCM_14_WhatsApp_IPv4_Transport.pcap,Transport,IPv4,AES-256-GCM,14,False,WhatsApp
tunnel_300_AES-256-GCM_19_ICMP_IPv6_Transport.pcap,Transport,IPv6,AES-256-GCM,19,False,ICMP
tunnel_301_AES-128-CBC_14_Video_IPv4_Transport.pcap,Transport,IPv4,AES-128-CBC,14,True,Video
tunnel_302_AES-256-CBC_19_Email_IPv4_Transport.pcap,Transport,IPv4,AES-256-CBC,19,False,Email
tunnel_303_AES-256-CBC_14_Web_IPv4_Tunnel.pcap,Tunnel,IPv4,AES-256-CBC,14,True,Web
tunnel_304_AES-256-CBC_14_Video_IPv6_Transport.pcap,Transport,IPv6,AES-256-CBC,14,True,Video
tunnel_305_AES-256-CBC_20_Video_IPv4_Tunnel.pcap,Tunnel,IPv4,AES-256-CBC,20,True,Video
tunnel_306_AES-256-GCM_20_Web_IPv4_Transport.pcap,Transport,IPv4,AES-256-GCM,20,False,Web
tunnel_307_3DES_19_ICMP_IPv6_Tunnel.pcap,Tunnel,IPv6,3DES,19,True,ICMP
tunnel_308_AES-256-GCM_20_WhatsApp_IPv4_Tunnel.pcap,Tunnel,IPv4,AES-256-GCM,20,True,WhatsApp
tunnel_309_AES-128-CBC_14_ICMP_IPv4_Tunnel.pcap,Tunnel,IPv4,AES-128-CBC,14,False,ICMP
tunnel_310_AES-256-CBC_14_Email_IPv6_Transport.pcap,Transport,IPv6,AES-256-CBC,14,False,Email
tunnel_311_3DES_19_Web_IPv6_Tunnel.pcap,Tunnel,IPv6,3DES,19,False,Web
tunnel_312_3DES_20_Email_IPv4_Tunnel.pcap,Tunnel,IPv4,3DES,20,True,Email
tunnel_313_AES-256-GCM_19_Web_IPv6_Tunnel.pcap,Tunnel,IPv6,AES-256-GCM,19,True,Web
tunnel_314_AES-256-GCM_19_Video_IPv6_Transport.pcap,Transport,IPv6,AES-256-GCM,19,True,Video
tunnel_315_AES-256-CBC_20_Email_IPv4_Transport.pcap,Transport,IPv4,AES-256-CBC,20,True,Email
tunnel_316_AES-256-GCM_14_Video_IPv4_Transport.pcap,Transport,IPv4,AES-256-GCM,14,False,Video
tunnel_317_AES-128-CBC_14_VoIP_IPv4_Tunnel.pcap,Tunnel,IPv4,AES-128-CBC,14,True,VoIP
tunnel_318_3DES_20_ICMP_IPv6_Tunnel.pcap,Tunnel,IPv6,3DES,20,False,ICMP
tunnel_319_AES-256-CBC_19_VoIP_IPv6_Tunnel.pcap,Tunnel,IPv6,AES-256-CBC,19,False,VoIP
tunnel_320_3DES_14_ICMP_IPv6_Tunnel.pcap,Tunnel,IPv6,3DES,14,True,ICMP
tunnel_321_AES-256-CBC_20_Video_IPv6_Transport.pcap,Transport,IPv6,AES-256-CBC,20,True,Video
tunnel_322_3DES_14_Web_IPv4_Transport.pcap,Transport,IPv4,3DES,14,True,Web
tunnel_323_AES-128-CBC_14_Web_IPv4_Tunnel.pcap,Tunnel,IPv4,AES-128-CBC,14,False,Web
tunnel_324_3DES_14_Email_IPv6_Tunnel.pcap,Tunnel,IPv6,3DES,14,False,Email
tunnel_325_AES-256-CBC_14_Email_IPv4_Transport.pcap,Transport,IPv4,AES-256-CBC,14,False,Email
tunnel_326_AES-256-GCM_14_WhatsApp_IPv4_Transport.pcap,Transport,IPv4,AES-256-GCM,14,False,WhatsApp
tunnel_327_AES-256-CBC_14_VoIP_IPv6_Transport.pcap,Transport,IPv6,AES-256-CBC,14,False,VoIP
tunnel_328_AES-256-GCM_14_Web_IPv4_Transport.pcap,Transport,IPv4,AES-256-GCM,14,True,Web
tunnel_329_AES-128-CBC_20_WhatsApp_IPv4_Transport.pcap,Transport,IPv4,AES-128-CBC,20,False,WhatsApp
tunnel_330_AES-256-GCM_14_Web_IPv4_Transport.pcap,Transport,IPv4,AES-256-GCM,14,True,Web
tunnel_331_AES-256-GCM_19_Video_IPv4_Transport.pcap,Transport,IPv4,AES-256-GCM,19,False,Video
tunnel_332_AES-256-GCM_20_Video_IPv4_Transport.pcap,Transport,IPv4,AES-256-GCM,20,False,Video
tunnel_333_AES-256-GCM_19_ICMP_IPv4_Tunnel.pcap,Tunnel,IPv4,AES-256-GCM,19,True,ICMP
tunnel_334_AES-256-GCM_20_Web_IPv4_Tunnel.pcap,Tunnel,IPv4,AES-256-GCM,20,True,Web
tunnel_335_3DES_20_Video_IPv6_Tunnel.pcap,Tunnel,IPv6,3DES,20,False,Video
tunnel_336_AES-256-GCM_19_Web_IPv4_Transport.pcap,Transport,IPv4,AES-256-GCM,19,True,Web
tunnel_337_AES-256-CBC_20_VoIP_IPv4_Tunnel.pcap,Tunnel,IPv4,AES-256-CBC,20,False,VoIP
tunnel_338_3DES_14_WhatsApp_IPv4_Transport.pcap,Transport,IPv4,3DES,14,True,WhatsApp
tunnel_339_3DES_14_Video_IPv4_Tunnel.pcap,Tunnel,IPv4,3DES,14,False,Video
tunnel_340_AES-256-CBC_19_Video_IPv6_Transport.pcap,Transport,IPv6,AES-256-CBC,19,True,Video
tunnel_341_AES-256-GCM_19_ICMP_IPv4_Transport.pcap,Transport,IPv4,AES-256-GCM,19,True,ICMP
tunnel_342_AES-128-CBC_19_ICMP_IPv4_Transport.pcap,Transport,IPv4,AES-128-CBC,19,True,ICMP
tunnel_343_AES-256-GCM_14_Video_IPv6_Transport.pcap,Transport,IPv6,AES-256-GCM,14,True,Video
tunnel_344_AES-256-CBC_20_Video_IPv6_Transport.pcap,Transport,IPv6,AES-256-CBC,20,True,Video
tunnel_345_AES-256-CBC_20_ICMP_IPv4_Tunnel.pcap,Tunnel,IPv4,AES-256-CBC,20,False,ICMP
tunnel_346_3DES_19_Video_IPv4_Tunnel.pcap,Tunnel,IPv4,3DES,19,True,Video
tunnel_347_AES-256-GCM_14_WhatsApp_IPv4_Tunnel.pcap,Tunnel,IPv4,AES-256-GCM,14,False,WhatsApp
tunnel_348_AES-128-CBC_19_WhatsApp_IPv4_Transport.pcap,Transport,IPv4,AES-128-CBC,19,True,WhatsApp
tunnel_349_AES-128-CBC_20_Email_IPv4_Tunnel.pcap,Tunnel,IPv4,AES-128-CBC,20,True,Email
tunnel_350_AES-256-CBC_20_WhatsApp_IPv4_Transport.pcap,Transport,IPv4,AES-256-CBC,20,False,WhatsApp
tunnel_351_AES-256-GCM_19_Video_IPv6_Tunnel.pcap,Tunnel,IPv6,AES-256-GCM,19,True,Video
tunnel_352_AES-256-GCM_19_Email_IPv4_Transport.pcap,Transport,IPv4,AES-256-GCM,19,False,Email
tunnel_353_AES-128-CBC_20_Email_IPv6_Transport.pcap,Transport,IPv6,AES-128-CBC,20,True,Email
tunnel_354_3DES_14_ICMP_IPv6_Transport.pcap,Transport,IPv6,3DES,14,True,ICMP
tunnel_355_AES-256-CBC_19_WhatsApp_IPv4_Transport.pcap,Transport,IPv4,AES-256-CBC,19,True,WhatsApp
tunnel_356_3DES_19_Web_IPv4_Tunnel.pcap,Tunnel,IPv4,3DES,19,True,Web
tunnel_357_3DES_14_Email_IPv4_Transport.pcap,Transport,IPv4,3DES,14,True,Email
tunnel_358_AES-256-CBC_20_ICMP_IPv4_Tunnel.pcap,Tunnel,IPv4,AES-256-CBC,20,False,ICMP
tunnel_359_3DES_19_VoIP_IPv6_Transport.pcap,Transport,IPv6,3DES,19,True,VoIP
tunnel_360_3DES_20_ICMP_IPv4_Tunnel.pcap,Tunnel,IPv4,3DES,20,True,ICMP
tunnel_361_AES-256-CBC_19_WhatsApp_IPv4_Transport.pcap,Transport,IPv4,AES-256-CBC,19,True,WhatsApp
tunnel_362_3DES_20_Email_IPv4_Transport.pcap,Transport,IPv4,3DES,20,True,Email
tunnel_363_AES-256-GCM_20_Web_IPv6_Tunnel.pcap,Tunnel,IPv6,AES-256-GCM,20,True,Web
tunnel_364_AES-256-CBC_19_Web_IPv4_Tunnel.pcap,Tunnel,IPv4,AES-256-CBC,19,False,Web
tunnel_365_AES-256-CBC_19_Email_IPv4_Transport.pcap,Transport,IPv4,AES-256-CBC,19,False,Email
tunnel_366_AES-256-GCM_20_Web_IPv6_Tunnel.pcap,Tunnel,IPv6,AES-256-GCM,20,False,Web
tunnel_367_3DES_19_Web_IPv4_Transport.pcap,Transport,IPv4,3DES,19,False,Web
tunnel_368_AES-256-CBC_20_VoIP_IPv4_Tunnel.pcap,Tunnel,IPv4,AES-256-CBC,20,True,VoIP
tunnel_369_3DES_19_Web_IPv4_Tunnel.pcap,Tunnel,IPv4,3DES,19,True,Web
tunnel_370_AES-128-CBC_14_Video_IPv6_Tunnel.pcap,Tunnel,IPv6,AES-128-CBC,14,True,Video
tunnel_371_3DES_19_Web_IPv6_Transport.pcap,Transport,IPv6,3DES,19,False,Web
tunnel_372_3DES_20_ICMP_IPv4_Tunnel.pcap,Tunnel,IPv4,3DES,20,True,ICMP
tunnel_373_AES-256-GCM_14_VoIP_IPv6_Tunnel.pcap,Tunnel,IPv6,AES-256-GCM,14,True,VoIP
tunnel_374_3DES_20_WhatsApp_IPv6_Tunnel.pcap,Tunnel,IPv6,3DES,20,False,WhatsApp
tunnel_375_AES-256-CBC_19_WhatsApp_IPv4_Tunnel.pcap,Tunnel,IPv4,AES-256-CBC,19,False,WhatsApp
tunnel_376_AES-256-CBC_14_ICMP_IPv4_Transport.pcap,Transport,IPv4,AES-256-CBC,14,True,ICMP
tunnel_377_AES-256-CBC_19_Video_IPv6_Tunnel.pcap,Tunnel,IPv6,AES-256-CBC,19,True,Video
tunnel_378_3DES_19_ICMP_IPv6_Transport.pcap,Transport,IPv6,3DES,19,True,ICMP
tunnel_379_AES-256-CBC_20_Video_IPv6_Transport.pcap,Transport,IPv6,AES-256-CBC,20,True,Video
tunnel_380_AES-256-GCM_14_ICMP_IPv6_Tunnel.pcap,Tunnel,IPv6,AES-256-GCM,14,True,ICMP
tunnel_381_AES-128-CBC_19_Web_IPv4_Transport.pcap,Transport,IPv4,AES-128-CBC,19,False,Web
tunnel_382_AES-128-CBC_20_VoIP_IPv6_Tunnel.pcap,Tunnel,IPv6,AES-128-CBC,20,False,VoIP
tunnel_383_AES-128-CBC_20_Web_IPv6_Tunnel.pcap,Tunnel,IPv6,AES-128-CBC,20,False,Web
tunnel_384_3DES_20_VoIP_IPv4_Tunnel.pcap,Tunnel,IPv4,3DES,20,True,VoIP
tunnel_385_3DES_14_WhatsApp_IPv4_Tunnel.pcap,Tunnel,IPv4,3DES,14,False,WhatsApp
tunnel_386_AES-256-CBC_19_Email_IPv6_Tunnel.pcap,Tunnel,IPv6,AES-256-CBC,19,False,Email
tunnel_387_3DES_20_Web_IPv6_Tunnel.pcap,Tunnel,IPv6,3DES,20,True,Web
tunnel_388_AES-256-CBC_14_WhatsApp_IPv6_Tunnel.pcap,Tunnel,IPv6,AES-256-CBC,14,True,WhatsApp
tunnel_389_AES-256-GCM_20_Web_IPv4_Tunnel.pcap,Tunnel,IPv4,AES-256-GCM,20,True,Web
tunnel_390_3DES_19_ICMP_IPv6_Tunnel.pcap,Tunnel,IPv6,3DES,19,False,ICMP
tunnel_391_AES-128-CBC_14_Email_IPv4_Transport.pcap,Transport,IPv4,AES-128-CBC,14,False,Email
tunnel_392_3DES_14_Web_IPv6_Tunnel.pcap,Tunnel,IPv6,3DES,14,True,Web
tunnel_393_AES-256-GCM_14_ICMP_IPv6_Tunnel.pcap,Tunnel,IPv6,AES-256-GCM,14,True,ICMP
tunnel_394_3DES_14_Web_IPv4_Transport.pcap,Transport,IPv4,3DES,14,True,Web
tunnel_395_AES-256-CBC_14_ICMP_IPv4_Transport.pcap,Transport,IPv4,AES-256-CBC,14,False,ICMP
tunnel_396_AES-256-CBC_14_WhatsApp_IPv4_Transport.pcap,Transport,IPv4,AES-256-CBC,14,False,WhatsApp
tunnel_397_AES-128-CBC_14_Web_IPv6_Tunnel.pcap,Tunnel,IPv6,AES-128-CBC,14,True,Web
tunnel_398_3DES_14_WhatsApp_IPv4_Transport.pcap,Transport,IPv4,3DES,14,False,WhatsApp
tunnel_399_3DES_19_Web_IPv6_Tunnel.pcap,Tunnel,IPv6,3DES,19,False,Web
tunnel_400_AES-256-GCM_14_Video_IPv4_Tunnel.pcap,Tunnel,IPv4,AES-256-GCM,14,True,Video
tunnel_401_3DES_20_VoIP_IPv4_Tunnel.pcap,Tunnel,IPv4,3DES,20,True,VoIP
tunnel_402_AES-256-GCM_20_Email_IPv6_Tunnel.pcap,Tunnel,IPv6,AES-256-GCM,20,False,Email
tunnel_403_AES-256-GCM_19_WhatsApp_IPv4_Transport.pcap,Transport,IPv4,AES-256-GCM,19,True,WhatsApp
tunnel_404_AES-256-GCM_20_Email_IPv4_Tunnel.pcap,Tunnel,IPv4,AES-256-GCM,20,False,Email
tunnel_405_AES-128-CBC_20_Video_IPv6_Tunnel.pcap,Tunnel,IPv6,AES-128-CBC,20,False,Video
tunnel_406_AES-128-CBC_14_Email_IPv6_Transport.pcap,Transport,IPv6,AES-128-CBC,14,True,Email
tunnel_407_AES-256-GCM_19_VoIP_IPv6_Tunnel.pcap,Tunnel,IPv6,AES-256-GCM,19,False,VoIP
tunnel_408_AES-128-CBC_19_ICMP_IPv4_Transport.pcap,Transport,IPv4,AES-128-CBC,19,True,ICMP
tunnel_409_AES-256-CBC_14_ICMP_IPv6_Tunnel.pcap,Tunnel,IPv6,AES-256-CBC,14,True,ICMP
tunnel_410_AES-256-GCM_19_Web_IPv4_Transport.pcap,Transport,IPv4,AES-256-GCM,19,False,Web
tunnel_411_AES-256-CBC_20_VoIP_IPv4_Transport.pcap,Transport,IPv4,AES-256-CBC,20,True,VoIP
tunnel_412_3DES_14_Video_IPv6_Transport.pcap,Transport,IPv6,3DES,14,True,Video
tunnel_413_3DES_19_Web_IPv4_Tunnel.pcap,Tunnel,IPv4,3DES,19,False,Web
tunnel_414_3DES_20_ICMP_IPv4_Tunnel.pcap,Tunnel,IPv4,3DES,20,False,ICMP
tunnel_415_3DES_19_Email_IPv4_Transport.pcap,Transport,IPv4,3DES,19,True,Email
tunnel_416_AES-256-CBC_19_VoIP_IPv4_Tunnel.pcap,Tunnel,IPv4,AES-256-CBC,19,False,VoIP
tunnel_417_AES-256-GCM_20_WhatsApp_IPv6_Tunnel.pcap,Tunnel,IPv6,AES-256-GCM,20,True,WhatsApp
tunnel_418_3DES_19_ICMP_IPv4_Transport.pcap,Transport,IPv4,3DES,19,True,ICMP
tunnel_419_AES-128-CBC_20_ICMP_IPv6_Tunnel.pcap,Tunnel,IPv6,AES-128-CBC,20,False,ICMP
tunnel_420_AES-256-CBC_20_Video_IPv4_Transport.pcap,Transport,IPv4,AES-256-CBC,20,True,Video
tunnel_421_3DES_14_Video_IPv6_Transport.pcap,Transport,IPv6,3DES,14,True,Video
tunnel_422_AES-256-CBC_19_Email_IPv4_Tunnel.pcap,Tunnel,IPv4,AES-256-CBC,19,False,Email
tunnel_423_AES-128-CBC_19_ICMP_IPv4_Transport.pcap,Transport,IPv4,AES-128-CBC,19,True,ICMP
tunnel_424_AES-256-CBC_14_WhatsApp_IPv4_Tunnel.pcap,Tunnel,IPv4,AES-256-CBC,14,True,WhatsApp
tunnel_425_AES-128-CBC_19_Email_IPv6_Tunnel.pcap,Tunnel,IPv6,AES-128-CBC,19,False,Email
tunnel_426_3DES_14_VoIP_IPv6_Tunnel.pcap,Tunnel,IPv6,3DES,14,False,VoIP
tunnel_427_3DES_19_VoIP_IPv4_Transport.pcap,Transport,IPv4,3DES,19,True,VoIP
tunnel_428_AES-256-GCM_19_VoIP_IPv6_Tunnel.pcap,Tunnel,IPv6,AES-256-GCM,19,False,VoIP
tunnel_429_AES-256-GCM_19_VoIP_IPv6_Tunnel.pcap,Tunnel,IPv6,AES-256-GCM,19,True,VoIP
tunnel_430_AES-256-GCM_20_ICMP_IPv6_Tunnel.pcap,Tunnel,IPv6,AES-256-GCM,20,True,ICMP
tunnel_431_AES-128-CBC_19_Video_IPv4_Tunnel.pcap,Tunnel,IPv4,AES-128-CBC,19,False,Video
tunnel_432_AES-128-CBC_14_Video_IPv6_Tunnel.pcap,Tunnel,IPv6,AES-128-CBC,14,False,Video
tunnel_433_AES-256-GCM_14_WhatsApp_IPv6_Tunnel.pcap,Tunnel,IPv6,AES-256-GCM,14,False,WhatsApp
tunnel_434_3DES_14_VoIP_IPv4_Transport.pcap,Transport,IPv4,3DES,14,True,VoIP
tunnel_435_AES-256-CBC_14_WhatsApp_IPv4_Transport.pcap,Transport,IPv4,AES-256-CBC,14,True,WhatsApp
tunnel_436_AES-256-GCM_14_VoIP_IPv6_Tunnel.pcap,Tunnel,IPv6,AES-256-GCM,14,False,VoIP
tunnel_437_AES-256-GCM_14_Web_IPv6_Tunnel.pcap,Tunnel,IPv6,AES-256-GCM,14,True,Web
tunnel_438_AES-256-CBC_20_ICMP_IPv6_Tunnel.pcap,Tunnel,IPv6,AES-256-CBC,20,True,ICMP
tunnel_439_AES-256-CBC_14_Video_IPv6_Tunnel.pcap,Tunnel,IPv6,AES-256-CBC,14,True,Video
tunnel_440_AES-256-GCM_20_WhatsApp_IPv6_Tunnel.pcap,Tunnel,IPv6,AES-256-GCM,20,True,WhatsApp
tunnel_441_3DES_19_VoIP_IPv4_Transport.pcap,Transport,IPv4,3DES,19,False,VoIP
tunnel_442_3DES_14_Web_IPv6_Transport.pcap,Transport,IPv6,3DES,14,True,Web
tunnel_443_AES-256-CBC_20_Web_IPv4_Tunnel.pcap,Tunnel,IPv4,AES-256-CBC,20,False,Web
tunnel_444_AES-256-GCM_19_WhatsApp_IPv6_Transport.pcap,Transport,IPv6,AES-256-GCM,19,False,WhatsApp
tunnel_445_3DES_14_Email_IPv6_Transport.pcap,Transport,IPv6,3DES,14,True,Email
tunnel_446_3DES_19_ICMP_IPv6_Tunnel.pcap,Tunnel,IPv6,3DES,19,True,ICMP
tunnel_447_3DES_19_Video_IPv6_Transport.pcap,Transport,IPv6,3DES,19,True,Video
tunnel_448_AES-256-CBC_20_Email_IPv4_Tunnel.pcap,Tunnel,IPv4,AES-256-CBC,20,True,Email
tunnel_449_AES-256-CBC_19_Web_IPv4_Tunnel.pcap,Tunnel,IPv4,AES-256-CBC,19,False,Web
tunnel_450_3DES_14_ICMP_IPv4_Tunnel.pcap,Tunnel,IPv4,3DES,14,False,ICMP
tunnel_451_3DES_20_VoIP_IPv6_Transport.pcap,Transport,IPv6,3DES,20,False,VoIP
tunnel_452_AES-256-GCM_20_VoIP_IPv4_Tunnel.pcap,Tunnel,IPv4,AES-256-GCM,20,True,VoIP
tunnel_453_3DES_14_WhatsApp_IPv4_Transport.pcap,Transport,IPv4,3DES,14,True,WhatsApp
tunnel_454_AES-256-GCM_14_ICMP_IPv6_Tunnel.pcap,Tunnel,IPv6,AES-256-GCM,14,True,ICMP
tunnel_455_AES-128-CBC_14_ICMP_IPv6_Tunnel.pcap,Tunnel,IPv6,AES-128-CBC,14,True,ICMP
tunnel_456_AES-256-GCM_20_Video_IPv4_Transport.pcap,Transport,IPv4,AES-256-GCM,20,True,Video
tunnel_457_AES-256-CBC_14_Email_IPv6_Tunnel.pcap,Tunnel,IPv6,AES-256-CBC,14,True,Email
tunnel_458_AES-256-CBC_19_Video_IPv6_Tunnel.pcap,Tunnel,IPv6,AES-256-CBC,19,True,Video
tunnel_459_AES-256-CBC_14_ICMP_IPv4_Tunnel.pcap,Tunnel,IPv4,AES-256-CBC,14,True,ICMP
tunnel_460_AES-128-CBC_20_Email_IPv4_Tunnel.pcap,Tunnel,IPv4,AES-128-CBC,20,False,Email
tunnel_461_AES-256-CBC_20_WhatsApp_IPv4_Tunnel.pcap,Tunnel,IPv4,AES-256-CBC,20,True,WhatsApp
tunnel_462_AES-128-CBC_14_Video_IPv4_Tunnel.pcap,Tunnel,IPv4,AES-128-CBC,14,True,Video
tunnel_463_3DES_14_Web_IPv4_Tunnel.pcap,Tunnel,IPv4,3DES,14,True,Web
tunnel_464_AES-128-CBC_14_VoIP_IPv4_Transport.pcap,Transport,IPv4,AES-128-CBC,14,False,VoIP
tunnel_465_AES-256-CBC_19_Web_IPv4_Tunnel.pcap,Tunnel,IPv4,AES-256-CBC,19,True,Web
tunnel_466_AES-128-CBC_14_Web_IPv4_Tunnel.pcap,Tunnel,IPv4,AES-128-CBC,14,False,Web
tunnel_467_AES-128-CBC_20_Video_IPv4_Transport.pcap,Transport,IPv4,AES-128-CBC,20,True,Video
tunnel_468_AES-256-GCM_14_Email_IPv4_Transport.pcap,Transport,IPv4,AES-256-GCM,14,True,Email
tunnel_469_3DES_19_VoIP_IPv6_Tunnel.pcap,Tunnel,IPv6,3DES,19,False,VoIP
tunnel_470_AES-128-CBC_19_Email_IPv6_Transport.pcap,Transport,IPv6,AES-128-CBC,19,False,Email
tunnel_471_AES-256-GCM_14_Video_IPv6_Tunnel.pcap,Tunnel,IPv6,AES-256-GCM,14,False,Video
tunnel_472_AES-256-CBC_19_VoIP_IPv4_Tunnel.pcap,Tunnel,IPv4,AES-256-CBC,19,False,VoIP
tunnel_473_AES-256-CBC_19_Video_IPv6_Transport.pcap,Transport,IPv6,AES-256-CBC,19,True,Video
tunnel_474_3DES_19_Video_IPv4_Transport.pcap,Transport,IPv4,3DES,19,False,Video
tunnel_475_AES-256-CBC_20_Video_IPv4_Transport.pcap,Transport,IPv4,AES-256-CBC,20,True,Video
tunnel_476_AES-256-CBC_20_ICMP_IPv4_Transport.pcap,Transport,IPv4,AES-256-CBC,20,False,ICMP
tunnel_477_AES-256-CBC_19_WhatsApp_IPv6_Tunnel.pcap,Tunnel,IPv6,AES-256-CBC,19,False,WhatsApp
tunnel_478_AES-256-GCM_14_Web_IPv4_Transport.pcap,Transport,IPv4,AES-256-GCM,14,False,Web
tunnel_479_AES-128-CBC_14_Web_IPv4_Tunnel.pcap,Tunnel,IPv4,AES-128-CBC,14,False,Web
tunnel_480_AES-256-GCM_20_WhatsApp_IPv6_Transport.pcap,Transport,IPv6,AES-256-GCM,20,False,WhatsApp
tunnel_481_AES-256-CBC_14_WhatsApp_IPv4_Transport.pcap,Transport,IPv4,AES-256-CBC,14,False,WhatsApp
tunnel_482_AES-256-GCM_20_WhatsApp_IPv4_Transport.pcap,Transport,IPv4,AES-256-GCM,20,True,WhatsApp
tunnel_483_AES-256-CBC_19_Web_IPv4_Tunnel.pcap,Tunnel,IPv4,AES-256-CBC,19,True,Web
tunnel_484_AES-256-CBC_19_Web_IPv6_Transport.pcap,Transport,IPv6,AES-256-CBC,19,True,Web
tunnel_485_AES-256-GCM_14_VoIP_IPv4_Transport.pcap,Transport,IPv4,AES-256-GCM,14,True,VoIP
tunnel_486_AES-256-CBC_14_Video_IPv6_Transport.pcap,Transport,IPv6,AES-256-CBC,14,True,Video
tunnel_487_AES-256-CBC_19_VoIP_IPv6_Tunnel.pcap,Tunnel,IPv6,AES-256-CBC,19,True,VoIP
tunnel_488_AES-256-CBC_19_Video_IPv4_Tunnel.pcap,Tunnel,IPv4,AES-256-CBC,19,True,Video
tunnel_489_AES-256-CBC_14_VoIP_IPv4_Tunnel.pcap,Tunnel,IPv4,AES-256-CBC,14,False,VoIP
tunnel_490_3DES_14_Email_IPv6_Transport.pcap,Transport,IPv6,3DES,14,True,Email
tunnel_491_AES-256-CBC_14_VoIP_IPv4_Tunnel.pcap,Tunnel,IPv4,AES-256-CBC,14,False,VoIP
tunnel_492_AES-256-GCM_19_WhatsApp_IPv4_Tunnel.pcap,Tunnel,IPv4,AES-256-GCM,19,False,WhatsApp
tunnel_493_AES-128-CBC_14_ICMP_IPv6_Transport.pcap,Transport,IPv6,AES-128-CBC,14,True,ICMP
tunnel_494_AES-256-CBC_19_VoIP_IPv6_Transport.pcap,Transport,IPv6,AES-256-CBC,19,True,VoIP
tunnel_495_3DES_14_Web_IPv4_Transport.pcap,Transport,IPv4,3DES,14,False,Web
tunnel_496_AES-256-GCM_14_Video_IPv4_Tunnel.pcap,Tunnel,IPv4,AES-256-GCM,14,False,Video
tunnel_497_AES-256-GCM_20_Email_IPv6_Transport.pcap,Transport,IPv6,AES-256-GCM,20,False,Email
tunnel_498_AES-256-GCM_14_ICMP_IPv4_Tunnel.pcap,Tunnel,IPv4,AES-256-GCM,14,True,ICMP
tunnel_499_AES-256-GCM_19_Email_IPv6_Transport.pcap,Transport,IPv6,AES-256-GCM,19,True,Email
